{"cameraMode":{"drawMode":0,"name":"Shaded","section":"Shading Mode"},"sceneLighting":false,"audioPlay":false,"sceneViewState":{"m_AlwaysRefresh":false,"showFog":true,"showSkybox":true,"showFlares":true,"showImageEffects":true,"showParticleSystems":true,"showVisualEffectGraphs":true,"m_FxEnabled":true},"in2DMode":false,"pivot":{"x":-2.7739782333374025,"y":-13.706586837768555,"z":8.285745620727539},"rotation":{"x":0.0750143900513649,"y":-0.32726001739501955,"z":0.026072202250361444,"w":0.9415912628173828},"size":10.975875854492188,"orthographic":false}