{"cameraMode":{"drawMode":0,"name":"Shaded","section":"Shading Mode"},"sceneLighting":true,"audioPlay":false,"sceneViewState":{"m_AlwaysRefresh":false,"showFog":true,"showSkybox":true,"showFlares":true,"showImageEffects":true,"showParticleSystems":true,"showVisualEffectGraphs":true,"m_FxEnabled":true},"in2DMode":false,"pivot":{"x":-15.054793357849121,"y":-13.749834060668946,"z":14.53117561340332},"rotation":{"x":-0.08010910451412201,"y":0.16429662704467774,"z":-0.013388236053287983,"w":-0.9830614924430847},"size":20.799861907958986,"orthographic":false}