{"cameraMode":{"drawMode":0,"name":"Shaded","section":"Shading Mode"},"sceneLighting":false,"audioPlay":false,"sceneViewState":{"m_AlwaysRefresh":false,"showFog":true,"showSkybox":true,"showFlares":true,"showImageEffects":true,"showParticleSystems":true,"showVisualEffectGraphs":true,"m_FxEnabled":true},"in2DMode":false,"pivot":{"x":-2.3260185718536379,"y":-29.141828536987306,"z":-8.401280403137207},"rotation":{"x":0.6166565418243408,"y":-0.0042601581662893299,"z":-0.003337299218401313,"w":-0.7872137427330017},"size":6.557055473327637,"orthographic":false}