{"cameraMode":{"drawMode":0,"name":"Shaded","section":"Shading Mode"},"sceneLighting":false,"audioPlay":false,"sceneViewState":{"m_AlwaysRefresh":false,"showFog":true,"showSkybox":true,"showFlares":true,"showImageEffects":true,"showParticleSystems":true,"showVisualEffectGraphs":true,"m_FxEnabled":true},"in2DMode":false,"pivot":{"x":0.9780304431915283,"y":3.0242254734039308,"z":5.630409240722656},"rotation":{"x":0.0029992135241627695,"y":0.006000196095556021,"z":-0.000025731489586178213,"w":0.9999588131904602},"size":11.737936973571778,"orthographic":false}