{"cameraMode":{"drawMode":0,"name":"Shaded","section":"Shading Mode"},"sceneLighting":false,"audioPlay":false,"sceneViewState":{"m_AlwaysRefresh":false,"showFog":true,"showSkybox":false,"showFlares":true,"showImageEffects":true,"showParticleSystems":true,"showVisualEffectGraphs":true,"m_FxEnabled":true},"in2DMode":false,"pivot":{"x":1.1531556844711304,"y":1.7278978824615479,"z":0.19216307997703553},"rotation":{"x":-0.2568996250629425,"y":0.5549090504646301,"z":-0.1853453814983368,"w":-0.7692553997039795},"size":0.6721851825714111,"orthographic":false}